bowler,MOM,total_overs,total_runs,avg_economy,death_over,over,wide_runs,WoPerOver,noball_runs,NoPerOver,powerplay_over,wickets
A Chandila,1.0,39.0,245.0,6.28205128205128,1.0,39.0,0.0,0.0,0.0,0.0,24.0,
A Joseph,1.0,9.0,94.0,10.4444444444444,2.0,9.0,3.0,0.333333333333333,0.0,0.0,4.0,6.0
A Kumble,3.0,163.0,1089.0,6.68098159509202,30.0,163.0,26.0,0.159509202453987,5.0,0.0306748466257668,18.0,
A Mishra,11.0,519.0,3850.0,7.41811175337186,83.0,519.0,57.0,0.109826589595375,20.0,0.0385356454720616,22.0,23.0
A Nehra,6.0,320.0,2537.0,7.928125,88.0,320.0,64.0,0.2,9.0,0.028125,183.0,
A Singh,1.0,90.0,769.0,8.54444444444444,30.0,90.0,21.0,0.233333333333333,1.0,0.0111111111111111,51.0,3.0
A Symonds,3.0,88.0,694.0,7.88636363636363,14.0,88.0,17.0,0.193181818181818,1.0,0.0113636363636363,19.0,
A Zampa,1.0,37.0,281.0,7.59459459459459,8.0,37.0,8.0,0.216216216216216,0.0,0.0,1.0,
AA Jhunjhunwala,1.0,15.0,130.0,8.66666666666666,1.0,15.0,3.0,0.2,0.0,0.0,5.0,
AB Dinda,2.0,255.0,2103.0,8.24705882352941,71.0,255.0,72.0,0.28235294117647,14.0,0.0549019607843137,135.0,
AB de Villiers,20.0,,,,,,,,,,,
AC Gilchrist,7.0,1.0,0.0,0.0,1.0,1.0,0.0,0.0,0.0,0.0,0.0,
AC Voges,1.0,9.0,76.0,8.44444444444444,1.0,9.0,2.0,0.222222222222222,0.0,0.0,2.0,
AD Mascarenhas,1.0,52.0,365.0,7.01923076923076,5.0,52.0,3.0,0.0576923076923077,0.0,0.0,28.0,
AD Mathews,1.0,133.0,1095.0,8.23308270676691,27.0,133.0,24.0,0.180451127819548,1.0,0.0075187969924812,21.0,
AD Russell,11.0,175.0,1584.0,9.05142857142857,42.0,175.0,35.0,0.2,4.0,0.0228571428571428,54.0,24.0
AJ Finch,5.0,8.0,67.0,8.375,2.0,8.0,1.0,0.125,0.0,0.0,1.0,
AJ Tye,2.0,99.0,871.0,8.79797979797979,42.0,99.0,22.0,0.222222222222222,2.0,0.0202020202020202,27.0,31.0
AM Rahane,12.0,1.0,5.0,5.0,0.0,1.0,0.0,0.0,0.0,0.0,0.0,
AP Tare,1.0,,,,,,,,,,,
AR Patel,4.0,286.0,2183.0,7.63286713286713,45.0,286.0,37.0,0.129370629370629,0.0,0.0,43.0,15.0
AS Rajpoot,2.0,72.0,665.0,9.2361111111111,12.0,72.0,21.0,0.291666666666666,8.0,0.111111111111111,34.0,14.0
AS Yadav,2.0,,,,,,,,,,,
AT Rayudu,9.0,,,,,,,,,,,
Azhar Mahmood,2.0,91.0,707.0,7.76923076923076,36.0,91.0,14.0,0.153846153846153,5.0,0.0549450549450549,24.0,
B Kumar,5.0,439.0,3264.0,7.43507972665148,157.0,439.0,110.0,0.250569476082004,8.0,0.0182232346241457,231.0,24.0
B Lee,2.0,147.0,1126.0,7.65986394557823,53.0,147.0,40.0,0.272108843537415,13.0,0.0884353741496598,81.0,
B Stanlake,1.0,24.0,204.0,8.5,1.0,24.0,6.0,0.25,0.0,0.0,14.0,5.0
BA Bhatt,1.0,50.0,408.0,8.16,11.0,50.0,7.0,0.14,1.0,0.02,16.0,
BA Stokes,3.0,98.0,867.0,8.8469387755102,28.0,98.0,27.0,0.275510204081632,2.0,0.0204081632653061,26.0,15.0
BB McCullum,5.0,,,,,,,,,,,
BCJ Cutting,1.0,48.0,434.0,9.04166666666666,13.0,48.0,7.0,0.145833333333333,0.0,0.0,7.0,3.0
BJ Hodge,6.0,39.0,310.0,7.94871794871795,3.0,39.0,9.0,0.23076923076923,0.0,0.0,6.0,
BW Hilfenhaus,2.0,62.0,497.0,8.01612903225806,16.0,62.0,15.0,0.241935483870967,3.0,0.0483870967741935,40.0,
CA Lynn,4.0,,,,,,,,,,,
CH Gayle,21.0,92.0,750.0,8.15217391304347,25.0,92.0,46.0,0.5,3.0,0.0326086956521739,20.0,
CH Morris,2.0,214.0,1793.0,8.37850467289719,82.0,214.0,50.0,0.233644859813084,5.0,0.0233644859813084,84.0,16.0
CJ Anderson,3.0,50.0,532.0,10.64,15.0,50.0,21.0,0.42,0.0,0.0,12.0,5.0
CL White,1.0,7.0,86.0,12.2857142857142,0.0,7.0,5.0,0.714285714285714,0.0,0.0,0.0,
CR Brathwaite,1.0,44.0,392.0,8.9090909090909,11.0,44.0,9.0,0.204545454545454,7.0,0.159090909090909,4.0,6.0
CRD Fernando,1.0,39.0,306.0,7.84615384615384,14.0,39.0,11.0,0.282051282051282,8.0,0.205128205128205,13.0,
DA Miller,3.0,,,,,,,,,,,
DA Warner,17.0,,,,,,,,,,,
DE Bollinger,2.0,97.0,716.0,7.38144329896907,40.0,97.0,28.0,0.288659793814432,2.0,0.0206185567010309,54.0,
DJ Bravo,3.0,437.0,3733.0,8.54233409610984,193.0,437.0,124.0,0.283752860411899,6.0,0.0137299771167048,36.0,31.0
DJ Hooda,1.0,38.0,318.0,8.36842105263157,3.0,38.0,11.0,0.289473684210526,0.0,0.0,9.0,0.0
DJ Hussey,2.0,53.0,485.0,9.15094339622641,9.0,53.0,7.0,0.132075471698113,0.0,0.0,6.0,
DJG Sammy,1.0,40.0,354.0,8.85,9.0,40.0,7.0,0.175,2.0,0.05,4.0,
DL Chahar,1.0,116.0,923.0,7.95689655172413,10.0,116.0,32.0,0.275862068965517,5.0,0.043103448275862,94.0,32.0
DL Vettori,1.0,131.0,894.0,6.82442748091603,29.0,131.0,8.0,0.0610687022900763,0.0,0.0,15.0,
DP Nannes,1.0,109.0,815.0,7.47706422018348,36.0,109.0,47.0,0.431192660550458,4.0,0.036697247706422,57.0,
DPMD Jayawardene,5.0,,,,,,,,,,,
DR Smith,11.0,90.0,825.0,9.16666666666666,12.0,90.0,19.0,0.211111111111111,4.0,0.0444444444444444,11.0,
DW Steyn,5.0,352.0,2454.0,6.9715909090909,103.0,352.0,105.0,0.298295454545454,7.0,0.0198863636363636,183.0,4.0
EJG Morgan,1.0,,,,,,,,,,,
F du Plessis,4.0,1.0,16.0,16.0,1.0,1.0,0.0,0.0,0.0,0.0,0.0,
G Gambhir,13.0,,,,,,,,,,,
GC Smith,2.0,,,,,,,,,,,
GD McGrath,1.0,54.0,366.0,6.77777777777777,13.0,54.0,4.0,0.074074074074074,1.0,0.0185185185185185,37.0,
GH Vihari,2.0,6.0,39.0,6.5,0.0,6.0,1.0,0.166666666666666,0.0,0.0,4.0,
GJ Bailey,1.0,,,,,,,,,,,
GJ Maxwell,5.0,70.0,617.0,8.81428571428571,5.0,70.0,15.0,0.214285714285714,0.0,0.0,11.0,5.0
H Gurney,1.0,27.0,247.0,9.14814814814814,9.0,27.0,6.0,0.222222222222222,1.0,0.037037037037037,11.0,7.0
HH Gibbs,1.0,,,,,,,,,,,
HH Pandya,6.0,146.0,1385.0,9.48630136986301,35.0,146.0,42.0,0.287671232876712,3.0,0.0205479452054794,26.0,35.0
HM Amla,2.0,,,,,,,,,,,
HV Patel,2.0,140.0,1262.0,9.01428571428571,31.0,140.0,38.0,0.271428571428571,2.0,0.0142857142857142,38.0,10.0
Harbhajan Singh,8.0,563.0,4050.0,7.19360568383659,45.0,563.0,96.0,0.170515097690941,3.0,0.00532859680284191,124.0,25.0
Harmeet Singh,2.0,89.0,713.0,8.01123595505618,23.0,89.0,28.0,0.314606741573033,4.0,0.0449438202247191,14.0,
I Sharma,2.0,319.0,2682.0,8.40752351097178,64.0,319.0,96.0,0.300940438871473,21.0,0.0658307210031347,201.0,14.0
IK Pathan,2.0,345.0,2711.0,7.85797101449275,86.0,345.0,79.0,0.228985507246376,1.0,0.00289855072463768,153.0,
Imran Tahir,1.0,206.0,1656.0,8.0388349514563,54.0,206.0,36.0,0.174757281553398,1.0,0.00485436893203883,8.0,32.0
Iqbal Abdulla,2.0,154.0,1125.0,7.3051948051948,20.0,154.0,26.0,0.168831168831168,0.0,0.0,46.0,
Ishan Kishan,1.0,,,,,,,,,,,
J Archer,1.0,83.0,676.0,8.14457831325301,37.0,83.0,18.0,0.216867469879518,3.0,0.036144578313253,31.0,27.0
J Bairstow,2.0,,,,,,,,,,,
J Botha,1.0,116.0,818.0,7.05172413793103,18.0,116.0,19.0,0.163793103448275,0.0,0.0,32.0,
J Theron,1.0,37.0,311.0,8.4054054054054,17.0,37.0,12.0,0.324324324324324,2.0,0.054054054054054,11.0,
JA Morkel,2.0,288.0,2409.0,8.36458333333333,55.0,288.0,85.0,0.295138888888888,18.0,0.0625,150.0,
JC Buttler,5.0,,,,,,,,,,,
JD Ryder,1.0,40.0,314.0,7.85,5.0,40.0,6.0,0.15,0.0,0.0,1.0,
JD Unadkat,5.0,254.0,2244.0,8.83464566929133,82.0,254.0,34.0,0.133858267716535,1.0,0.00393700787401574,87.0,23.0
JDP Oram,1.0,40.0,362.0,9.05,13.0,40.0,6.0,0.15,1.0,0.025,18.0,
JEC Franklin,1.0,26.0,225.0,8.65384615384615,4.0,26.0,2.0,0.0769230769230769,2.0,0.0769230769230769,2.0,
JH Kallis,10.0,291.0,2348.0,8.06872852233677,60.0,291.0,62.0,0.213058419243986,9.0,0.0309278350515463,86.0,
JJ Bumrah,5.0,292.0,2299.0,7.87328767123287,122.0,292.0,41.0,0.140410958904109,23.0,0.0787671232876712,95.0,38.0
JJ Roy,1.0,,,,,,,,,,,
JP Duminy,4.0,115.0,847.0,7.36521739130434,11.0,115.0,32.0,0.278260869565217,0.0,0.0,27.0,0.0
JP Faulkner,5.0,209.0,1849.0,8.84688995215311,80.0,209.0,50.0,0.239234449760765,5.0,0.0239234449760765,62.0,
K Ahmed,1.0,38.0,351.0,9.23684210526315,10.0,38.0,14.0,0.368421052631578,0.0,0.0,21.0,20.0
K Paul,1.0,28.0,261.0,9.32142857142857,9.0,28.0,15.0,0.535714285714285,5.0,0.178571428571428,1.0,9.0
K Rabada,1.0,70.0,599.0,8.55714285714285,32.0,70.0,24.0,0.342857142857142,2.0,0.0285714285714285,29.0,28.0
KA Pollard,10.0,202.0,1785.0,8.83663366336633,50.0,202.0,75.0,0.371287128712871,7.0,0.0346534653465346,6.0,
KC Sangakkara,5.0,,,,,,,,,,,
KD Karthik,4.0,,,,,,,,,,,
KH Pandya,4.0,159.0,1159.0,7.28930817610062,17.0,159.0,26.0,0.163522012578616,1.0,0.00628930817610062,31.0,25.0
KK Cooper,1.0,96.0,789.0,8.21875,44.0,96.0,31.0,0.322916666666666,1.0,0.0104166666666666,16.0,
KK Nair,3.0,,,,,,,,,,,
KL Rahul,4.0,,,,,,,,,,,
KM Jadhav,2.0,,,,,,,,,,,
KMDN Kulasekara,1.0,17.0,122.0,7.17647058823529,5.0,17.0,5.0,0.294117647058823,0.0,0.0,11.0,
KP Pietersen,3.0,29.0,218.0,7.51724137931034,4.0,29.0,10.0,0.344827586206896,0.0,0.0,3.0,
KS Williamson,3.0,1.0,7.0,7.0,0.0,1.0,0.0,0.0,0.0,0.0,1.0,
KV Sharma,1.0,187.0,1482.0,7.92513368983957,13.0,187.0,13.0,0.0695187165775401,0.0,0.0,26.0,5.0
Kuldeep Yadav,1.0,138.0,1173.0,8.5,21.0,138.0,23.0,0.166666666666666,0.0,0.0,9.0,23.0
L Balaji,3.0,256.0,2083.0,8.13671875,87.0,256.0,72.0,0.28125,4.0,0.015625,75.0,
L Ngidi,1.0,26.0,175.0,6.73076923076923,10.0,26.0,7.0,0.269230769230769,0.0,0.0,15.0,13.0
LH Ferguson,1.0,13.0,96.0,7.38461538461538,2.0,13.0,9.0,0.692307692307692,0.0,0.0,5.0,
LJ Wright,1.0,12.0,125.0,10.4166666666666,4.0,12.0,4.0,0.333333333333333,0.0,0.0,1.0,
LMP Simmons,3.0,3.0,34.0,11.3333333333333,2.0,3.0,0.0,0.0,0.0,0.0,0.0,
LR Shukla,1.0,54.0,458.0,8.48148148148148,14.0,54.0,16.0,0.296296296296296,2.0,0.037037037037037,5.0,
LRPL Taylor,3.0,2.0,24.0,12.0,0.0,2.0,1.0,0.5,0.0,0.0,0.0,
M Kartik,1.0,192.0,1418.0,7.38541666666666,26.0,192.0,42.0,0.21875,5.0,0.0260416666666666,30.0,
M Morkel,2.0,272.0,2136.0,7.85294117647058,65.0,272.0,71.0,0.261029411764705,13.0,0.0477941176470588,151.0,
M Muralitharan,2.0,256.0,1765.0,6.89453125,46.0,256.0,62.0,0.2421875,2.0,0.0078125,25.0,
M Ntini,2.0,35.0,257.0,7.34285714285714,6.0,35.0,2.0,0.0571428571428571,2.0,0.0571428571428571,26.0,
M Ur Rahman,1.0,61.0,513.0,8.40983606557376,11.0,61.0,23.0,0.377049180327868,0.0,0.0,20.0,18.0
M Vijay,6.0,6.0,49.0,8.16666666666666,0.0,6.0,1.0,0.166666666666666,0.0,0.0,1.0,
M Vohra,3.0,,,,,,,,,,,
MA Agarwal,2.0,,,,,,,,,,,
MA Starc,1.0,97.0,725.0,7.47422680412371,34.0,97.0,33.0,0.34020618556701,4.0,0.0412371134020618,49.0,
MC Henriques,2.0,151.0,1255.0,8.31125827814569,17.0,151.0,31.0,0.205298013245033,1.0,0.00662251655629139,29.0,
MD Mishra,1.0,,,,,,,,,,,
MEK Hussey,12.0,,,,,,,,,,,
MF Maharoof,1.0,70.0,532.0,7.6,17.0,70.0,21.0,0.3,5.0,0.0714285714285714,28.0,
MG Johnson,2.0,208.0,1749.0,8.40865384615384,52.0,208.0,66.0,0.317307692307692,9.0,0.0432692307692307,104.0,2.0
MJ Lumb,1.0,,,,,,,,,,,
MJ McClenaghan,2.0,213.0,1869.0,8.77464788732394,62.0,213.0,68.0,0.319248826291079,9.0,0.0422535211267605,109.0,19.0
MK Pandey,4.0,,,,,,,,,,,
MK Tiwary,3.0,7.0,86.0,12.2857142857142,2.0,7.0,5.0,0.714285714285714,0.0,0.0,0.0,0.0
ML Hayden,4.0,,,,,,,,,,,
MM Patel,2.0,227.0,1733.0,7.63436123348017,52.0,227.0,17.0,0.0748898678414096,11.0,0.0484581497797356,109.0,
MM Sharma,2.0,293.0,2457.0,8.38566552901024,90.0,293.0,35.0,0.119453924914675,6.0,0.0204778156996587,131.0,8.0
MN Samuels,1.0,36.0,285.0,7.91666666666666,9.0,36.0,6.0,0.166666666666666,0.0,0.0,13.0,
MP Stoinis,2.0,62.0,588.0,9.48387096774193,10.0,62.0,12.0,0.193548387096774,0.0,0.0,9.0,5.0
MR Marsh,1.0,54.0,420.0,7.77777777777777,13.0,54.0,10.0,0.185185185185185,2.0,0.037037037037037,12.0,
MS Bisla,1.0,,,,,,,,,,,
MS Dhoni,17.0,,,,,,,,,,,
MS Gony,1.0,148.0,1317.0,8.89864864864865,20.0,148.0,32.0,0.216216216216216,5.0,0.0337837837837837,81.0,
MV Boucher,2.0,,,,,,,,,,,
Mandeep Singh,3.0,2.0,26.0,13.0,0.0,2.0,0.0,0.0,0.0,0.0,0.0,0.0
Mohammed Shami,1.0,173.0,1599.0,9.24277456647398,50.0,173.0,57.0,0.329479768786127,3.0,0.0173410404624277,79.0,25.0
Mohammed Siraj,1.0,93.0,900.0,9.67741935483871,36.0,93.0,37.0,0.397849462365591,2.0,0.021505376344086,23.0,20.0
Mustafizur Rahman,1.0,92.0,697.0,7.57608695652173,39.0,92.0,11.0,0.119565217391304,2.0,0.0217391304347826,25.0,9.0
N Rana,4.0,16.0,124.0,7.75,1.0,16.0,3.0,0.1875,0.0,0.0,3.0,7.0
NM Coulter-Nile,4.0,95.0,739.0,7.77894736842105,24.0,95.0,16.0,0.168421052631578,7.0,0.0736842105263157,48.0,
NV Ojha,1.0,,,,,,,,,,,
P Kumar,2.0,424.0,3342.0,7.88207547169811,102.0,424.0,144.0,0.339622641509433,1.0,0.00235849056603773,262.0,
P Negi,2.0,121.0,959.0,7.92561983471074,15.0,121.0,17.0,0.140495867768595,0.0,0.0,7.0,4.0
P Parameswaran,1.0,27.0,226.0,8.37037037037037,7.0,27.0,4.0,0.148148148148148,1.0,0.037037037037037,6.0,
P Shaw,1.0,,,,,,,,,,,
PA Patel,5.0,,,,,,,,,,,
PC Valthaty,2.0,26.0,207.0,7.96153846153846,4.0,26.0,6.0,0.23076923076923,0.0,0.0,0.0,
PD Collingwood,1.0,15.0,101.0,6.73333333333333,4.0,15.0,1.0,0.0666666666666666,0.0,0.0,0.0,
PP Chawla,3.0,525.0,4153.0,7.91047619047618,70.0,525.0,63.0,0.12,1.0,0.0019047619047619,58.0,23.0
PP Ojha,1.0,318.0,2399.0,7.5440251572327,49.0,318.0,69.0,0.216981132075471,2.0,0.00628930817610062,40.0,
PV Tambe,2.0,110.0,866.0,7.87272727272727,13.0,110.0,19.0,0.172727272727272,0.0,0.0,13.0,
Q de Kock,1.0,,,,,,,,,,,
R Ashwin,2.0,489.0,3391.0,6.93456032719836,74.0,489.0,111.0,0.226993865030674,2.0,0.00408997955010225,136.0,28.0
R Bhatia,1.0,274.0,2059.0,7.51459854014598,39.0,274.0,32.0,0.116788321167883,2.0,0.0072992700729927,2.0,
R Dravid,2.0,,,,,,,,,,,
R McLaren,1.0,59.0,558.0,9.45762711864406,14.0,59.0,19.0,0.322033898305084,3.0,0.0508474576271186,25.0,
R Sharma,2.0,155.0,1100.0,7.09677419354838,26.0,155.0,7.0,0.0451612903225806,0.0,0.0,15.0,
R Vinay Kumar,3.0,358.0,3043.0,8.5,113.0,358.0,50.0,0.139664804469273,11.0,0.0307262569832402,126.0,2.0
RA Jadeja,8.0,420.0,3221.0,7.66904761904761,81.0,420.0,57.0,0.135714285714285,2.0,0.00476190476190476,22.0,27.0
RA Tripathi,1.0,1.0,12.0,12.0,0.0,1.0,0.0,0.0,0.0,0.0,0.0,
RE Levi,1.0,,,,,,,,,,,
RG Sharma,17.0,56.0,449.0,8.01785714285714,8.0,56.0,15.0,0.267857142857142,0.0,0.0,9.0,
RJ Harris,1.0,139.0,1085.0,7.80575539568345,46.0,139.0,48.0,0.345323741007194,1.0,0.00719424460431654,71.0,
RP Singh,1.0,299.0,2417.0,8.08361204013378,91.0,299.0,89.0,0.297658862876254,13.0,0.0434782608695652,167.0,
RR Pant,6.0,,,,,,,,,,,
RS Bopara,1.0,35.0,301.0,8.6,7.0,35.0,16.0,0.457142857142857,0.0,0.0,0.0,
RV Uthappa,7.0,,,,,,,,,,,
Rashid Khan,7.0,183.0,1257.0,6.86885245901639,35.0,183.0,15.0,0.081967213114754,0.0,0.0,22.0,42.0
S Anirudha,1.0,,,,,,,,,,,
S Aravind,1.0,128.0,1057.0,8.2578125,26.0,128.0,31.0,0.2421875,1.0,0.0078125,71.0,
S Badrinath,1.0,,,,,,,,,,,
S Curran,1.0,34.0,336.0,9.88235294117647,13.0,34.0,8.0,0.235294117647058,1.0,0.0294117647058823,10.0,11.0
S Dhawan,6.0,8.0,72.0,9.0,0.0,8.0,1.0,0.125,0.0,0.0,3.0,
S Gill,1.0,,,,,,,,,,,
S Gopal,2.0,99.0,753.0,7.6060606060606,9.0,99.0,3.0,0.0303030303030303,1.0,0.0101010101010101,7.0,32.0
S Hetmyer,1.0,,,,,,,,,,,
S Nadeem,1.0,211.0,1589.0,7.53080568720379,20.0,211.0,25.0,0.118483412322274,1.0,0.00473933649289099,45.0,8.0
S Sohal,1.0,,,,,,,,,,,
S Sreesanth,1.0,148.0,1221.0,8.25,24.0,148.0,55.0,0.371621621621621,27.0,0.182432432432432,95.0,
SA Asnodkar,1.0,,,,,,,,,,,
SA Yadav,1.0,1.0,8.0,8.0,0.0,1.0,0.0,0.0,0.0,0.0,1.0,
SB Jakati,1.0,182.0,1474.0,8.09890109890109,23.0,182.0,27.0,0.148351648351648,2.0,0.0109890109890109,16.0,
SB Wagh,1.0,17.0,147.0,8.64705882352941,2.0,17.0,6.0,0.352941176470588,0.0,0.0,15.0,
SC Ganguly,5.0,46.0,370.0,8.04347826086956,2.0,46.0,3.0,0.0652173913043478,1.0,0.0217391304347826,3.0,
SE Marsh,9.0,,,,,,,,,,,
SK Raina,14.0,155.0,1139.0,7.34838709677419,24.0,155.0,22.0,0.141935483870967,0.0,0.0,11.0,0.0
SK Trivedi,2.0,252.0,1944.0,7.71428571428571,52.0,252.0,55.0,0.218253968253968,9.0,0.0357142857142857,21.0,
SK Warne,4.0,199.0,1465.0,7.36180904522612,36.0,199.0,39.0,0.195979899497487,0.0,0.0,6.0,
SL Malinga,6.0,478.0,3511.0,7.34518828451882,193.0,478.0,152.0,0.317991631799163,20.0,0.0418410041841004,185.0,18.0
SM Katich,1.0,,,,,,,,,,,
SM Pollock,2.0,46.0,307.0,6.67391304347826,1.0,46.0,4.0,0.0869565217391304,0.0,0.0,34.0,
SP Goswami,1.0,,,,,,,,,,,
SP Narine,9.0,429.0,2939.0,6.85081585081585,134.0,429.0,57.0,0.132867132867132,2.0,0.00466200466200466,116.0,28.0
SPD Smith,5.0,1.0,5.0,5.0,1.0,1.0,0.0,0.0,0.0,0.0,0.0,
SR Tendulkar,8.0,6.0,59.0,9.83333333333333,1.0,6.0,1.0,0.166666666666666,0.0,0.0,0.0,
SR Watson,15.0,341.0,2751.0,8.0674486803519,99.0,341.0,98.0,0.287390029325513,13.0,0.0381231671554252,139.0,7.0
SS Iyer,4.0,,,,,,,,,,,
ST Jayasuriya,2.0,49.0,396.0,8.08163265306122,10.0,49.0,15.0,0.306122448979591,0.0,0.0,1.0,
SV Samson,5.0,,,,,,,,,,,
SW Billings,1.0,,,,,,,,,,,
Sandeep Sharma,5.0,249.0,1967.0,7.89959839357429,49.0,249.0,50.0,0.200803212851405,7.0,0.0281124497991967,157.0,14.0
Shakib Al Hasan,2.0,224.0,1685.0,7.52232142857142,35.0,224.0,35.0,0.15625,0.0,0.0,64.0,18.0
Shoaib Akhtar,1.0,7.0,54.0,7.71428571428571,0.0,7.0,4.0,0.571428571428571,0.0,0.0,7.0,
Sohail Tanvir,2.0,42.0,275.0,6.54761904761904,18.0,42.0,19.0,0.452380952380952,1.0,0.0238095238095238,22.0,
TA Boult,1.0,128.0,1168.0,9.125,47.0,128.0,39.0,0.3046875,1.0,0.0078125,66.0,25.0
TG Southee,1.0,148.0,1340.0,9.05405405405405,40.0,148.0,45.0,0.304054054054054,3.0,0.0202702702702702,82.0,9.0
TL Suman,1.0,25.0,198.0,7.92,4.0,25.0,0.0,0.0,2.0,0.08,1.0,
TM Dilshan,1.0,46.0,368.0,8.0,5.0,46.0,5.0,0.108695652173913,0.0,0.0,7.0,
UT Yadav,8.0,416.0,3640.0,8.75,117.0,416.0,110.0,0.264423076923076,19.0,0.0456730769230769,176.0,29.0
Umar Gul,1.0,23.0,198.0,8.60869565217391,8.0,23.0,12.0,0.521739130434782,6.0,0.260869565217391,6.0,
V Kohli,12.0,43.0,371.0,8.62790697674418,5.0,43.0,8.0,0.186046511627906,6.0,0.13953488372093,0.0,
V Sehwag,11.0,23.0,236.0,10.2608695652173,4.0,23.0,1.0,0.0434782608695652,1.0,0.0434782608695652,2.0,
VR Aaron,2.0,155.0,1392.0,8.98064516129032,35.0,155.0,64.0,0.412903225806451,6.0,0.0387096774193548,55.0,4.0
WP Saha,3.0,,,,,,,,,,,
WPUJC Vaas,1.0,48.0,364.0,7.58333333333333,8.0,48.0,8.0,0.166666666666666,2.0,0.0416666666666666,33.0,
Washington Sundar,1.0,59.0,467.0,7.91525423728813,3.0,59.0,8.0,0.135593220338983,0.0,0.0,25.0,8.0
YK Pathan,16.0,193.0,1443.0,7.47668393782383,15.0,193.0,43.0,0.222797927461139,0.0,0.0,59.0,1.0
YS Chahal,1.0,301.0,2416.0,8.0265780730897,40.0,301.0,60.0,0.199335548172757,6.0,0.0199335548172757,54.0,30.0
Yuvraj Singh,5.0,146.0,1092.0,7.47945205479451,20.0,146.0,12.0,0.0821917808219178,1.0,0.00684931506849315,0.0,0.0
Z Khan,1.0,371.0,2860.0,7.70889487870619,103.0,371.0,89.0,0.239892183288409,2.0,0.00539083557951482,217.0,
A Ashish Reddy,,45.0,400.0,8.88888888888889,18.0,45.0,8.0,0.177777777777777,2.0,0.0444444444444444,1.0,
A Choudhary,,17.0,144.0,8.47058823529411,4.0,17.0,6.0,0.352941176470588,1.0,0.0588235294117647,6.0,
A Dananjaya,,4.0,48.0,12.0,0.0,4.0,1.0,0.25,0.0,0.0,1.0,0.0
A Flintoff,,11.0,106.0,9.63636363636363,4.0,11.0,0.0,0.0,0.0,0.0,2.0,
A Mithun,,48.0,477.0,9.9375,13.0,48.0,15.0,0.3125,9.0,0.1875,11.0,
A Nel,,3.0,31.0,10.3333333333333,1.0,3.0,0.0,0.0,0.0,0.0,1.0,
A Roy,,2.0,14.0,7.0,0.0,2.0,3.0,1.5,0.0,0.0,0.0,1.0
A Uniyal,,6.0,67.0,11.1666666666666,3.0,6.0,2.0,0.333333333333333,0.0,0.0,2.0,
AA Chavan,,42.0,339.0,8.07142857142857,3.0,42.0,8.0,0.19047619047619,0.0,0.0,24.0,
AA Kazi,,2.0,21.0,10.5,0.0,2.0,1.0,0.5,0.0,0.0,0.0,
AA Noffke,,4.0,41.0,10.25,2.0,4.0,5.0,1.25,0.0,0.0,1.0,
AB Agarkar,,131.0,1174.0,8.9618320610687,31.0,131.0,37.0,0.282442748091603,2.0,0.015267175572519,30.0,
AB McDonald,,31.0,263.0,8.48387096774193,5.0,31.0,2.0,0.064516129032258,0.0,0.0,7.0,
AC Thomas,,53.0,416.0,7.84905660377358,19.0,53.0,10.0,0.188679245283018,2.0,0.0377358490566037,30.0,
AF Milne,,18.0,185.0,10.2777777777777,6.0,18.0,11.0,0.611111111111111,0.0,0.0,7.0,
AG Murtaza,,44.0,322.0,7.31818181818181,4.0,44.0,9.0,0.204545454545454,0.0,0.0,13.0,
AL Menaria,,19.0,144.0,7.57894736842105,4.0,19.0,4.0,0.210526315789473,0.0,0.0,8.0,
AM Nayar,,39.0,323.0,8.28205128205128,1.0,39.0,11.0,0.282051282051282,0.0,0.0,1.0,
AM Salvi,,25.0,205.0,8.2,5.0,25.0,10.0,0.4,0.0,0.0,11.0,
AN Ahmed,,58.0,515.0,8.87931034482758,16.0,58.0,26.0,0.448275862068965,5.0,0.0862068965517241,23.0,
AP Dole,,11.0,114.0,10.3636363636363,2.0,11.0,6.0,0.545454545454545,1.0,0.0909090909090909,5.0,
AS Raut,,5.0,45.0,9.0,2.0,5.0,0.0,0.0,0.0,0.0,0.0,
AUK Pathan,,7.0,63.0,9.0,3.0,7.0,6.0,0.857142857142857,0.0,0.0,0.0,
Abdur Razzak,,2.0,29.0,14.5,0.0,2.0,5.0,2.5,1.0,0.5,0.0,
Anand Rajan,,25.0,206.0,8.24,7.0,25.0,12.0,0.48,1.0,0.04,7.0,
Ankit Sharma,,64.0,475.0,7.421875,5.0,64.0,14.0,0.21875,1.0,0.015625,24.0,1.0
Ankit Soni,,19.0,145.0,7.63157894736842,1.0,19.0,3.0,0.157894736842105,0.0,0.0,1.0,
Anureet Singh,,69.0,636.0,9.21739130434782,22.0,69.0,16.0,0.231884057971014,6.0,0.0869565217391304,27.0,2.0
Avesh Khan,,26.0,264.0,10.1538461538461,4.0,26.0,3.0,0.115384615384615,1.0,0.0384615384615384,16.0,4.0
B Akhil,,32.0,246.0,7.6875,9.0,32.0,5.0,0.15625,2.0,0.0625,1.0,
B Chipli,,1.0,20.0,20.0,0.0,1.0,0.0,0.0,0.0,0.0,0.0,
B Geeves,,8.0,91.0,11.375,1.0,8.0,1.0,0.125,0.0,0.0,4.0,
B Laughlin,,28.0,293.0,10.4642857142857,12.0,28.0,10.0,0.357142857142857,1.0,0.0357142857142857,6.0,9.0
BAW Mendis,,41.0,306.0,7.46341463414634,9.0,41.0,7.0,0.170731707317073,1.0,0.024390243902439,10.0,
BB Sran,,81.0,786.0,9.7037037037037,15.0,81.0,32.0,0.395061728395061,7.0,0.0864197530864197,38.0,6.0
BE Hendricks,,25.0,239.0,9.56,9.0,25.0,10.0,0.4,1.0,0.04,10.0,
BJ Rohrer,,1.0,12.0,12.0,0.0,1.0,1.0,1.0,0.0,0.0,0.0,
BMAJ Mendis,,5.0,36.0,7.2,0.0,5.0,0.0,0.0,0.0,0.0,0.0,
Basil Thampi,,68.0,666.0,9.79411764705882,25.0,68.0,11.0,0.161764705882352,1.0,0.0147058823529411,18.0,5.0
Bipul Sharma,,72.0,581.0,8.06944444444444,6.0,72.0,15.0,0.208333333333333,0.0,0.0,13.0,
C Ganapathy,,1.0,13.0,13.0,0.0,1.0,0.0,0.0,0.0,0.0,0.0,
C Munro,,2.0,15.0,7.5,0.0,2.0,0.0,0.0,0.0,0.0,0.0,
C Nanda,,8.0,58.0,7.25,1.0,8.0,2.0,0.25,0.0,0.0,0.0,
C de Grandhomme,,37.0,338.0,9.13513513513513,3.0,37.0,16.0,0.432432432432432,2.0,0.054054054054054,2.0,3.0
CJ Jordan,,33.0,316.0,9.57575757575757,11.0,33.0,17.0,0.515151515151515,2.0,0.0606060606060606,8.0,0.0
CJ McKay,,7.0,60.0,8.57142857142857,2.0,7.0,0.0,0.0,0.0,0.0,2.0,
CK Kapugedera,,3.0,49.0,16.3333333333333,1.0,3.0,0.0,0.0,0.0,0.0,0.0,
CK Langeveldt,,26.0,199.0,7.65384615384615,8.0,26.0,8.0,0.307692307692307,1.0,0.0384615384615384,14.0,
CR Woakes,,63.0,603.0,9.57142857142857,23.0,63.0,22.0,0.349206349206349,0.0,0.0,20.0,8.0
D Kalyankrishna,,8.0,88.0,11.0,1.0,8.0,2.0,0.25,0.0,0.0,0.0,
D Salunkhe,,8.0,80.0,10.0,1.0,8.0,7.0,0.875,1.0,0.125,0.0,
D Short,,3.0,27.0,9.0,0.0,3.0,0.0,0.0,0.0,0.0,0.0,1.0
D Wiese,,47.0,409.0,8.70212765957446,11.0,47.0,11.0,0.234042553191489,1.0,0.0212765957446808,10.0,
D Willey,,10.0,98.0,9.8,3.0,10.0,1.0,0.1,0.0,0.0,4.0,2.0
D du Preez,,7.0,56.0,8.0,1.0,7.0,0.0,0.0,1.0,0.142857142857142,3.0,
DAJ Bracewell,,4.0,32.0,8.0,1.0,4.0,1.0,0.25,0.0,0.0,1.0,
DB Ravi Teja,,3.0,28.0,9.33333333333333,0.0,3.0,0.0,0.0,0.0,0.0,0.0,
DJ Harris,,3.0,26.0,8.66666666666666,1.0,3.0,0.0,0.0,0.0,0.0,0.0,
DJ Muthuswami,,14.0,108.0,7.71428571428571,1.0,14.0,0.0,0.0,0.0,0.0,12.0,
DJ Thornely,,7.0,40.0,5.71428571428571,0.0,7.0,2.0,0.285714285714285,0.0,0.0,0.0,
DNT Zoysa,,11.0,100.0,9.09090909090909,3.0,11.0,1.0,0.0909090909090909,2.0,0.181818181818181,6.0,
DP Vijaykumar,,26.0,205.0,7.88461538461538,5.0,26.0,5.0,0.192307692307692,2.0,0.0769230769230769,17.0,
DS Kulkarni,,292.0,2461.0,8.42808219178082,56.0,292.0,99.0,0.339041095890411,7.0,0.023972602739726,166.0,10.0
DT Christian,,131.0,1067.0,8.14503816793893,33.0,131.0,33.0,0.251908396946564,3.0,0.0229007633587786,29.0,4.0
FH Edwards,,24.0,160.0,6.66666666666666,9.0,24.0,9.0,0.375,1.0,0.0416666666666666,13.0,
FY Fazal,,2.0,20.0,10.0,2.0,2.0,0.0,0.0,0.0,0.0,0.0,
GB Hogg,,77.0,585.0,7.59740259740259,16.0,77.0,17.0,0.22077922077922,1.0,0.0129870129870129,8.0,
GR Napier,,4.0,28.0,7.0,0.0,4.0,0.0,0.0,0.0,0.0,1.0,
GS Sandhu,,8.0,86.0,10.75,4.0,8.0,0.0,0.0,0.0,0.0,1.0,
Gagandeep Singh,,14.0,142.0,10.1428571428571,4.0,14.0,0.0,0.0,0.0,0.0,1.0,
Gurkeerat Singh,,13.0,97.0,7.46153846153846,0.0,13.0,4.0,0.307692307692307,0.0,0.0,2.0,
H Brar,,5.0,48.0,9.6,0.0,5.0,0.0,0.0,0.0,0.0,2.0,0.0
H Vihari,,1.0,9.0,9.0,0.0,1.0,0.0,0.0,0.0,0.0,0.0,0.0
H Viljoen,,23.0,248.0,10.7826086956521,7.0,23.0,12.0,0.521739130434782,0.0,0.0,6.0,8.0
Harmeet Singh (2),,4.0,34.0,8.5,0.0,4.0,1.0,0.25,0.0,0.0,2.0,
I Malhotra,,1.0,23.0,23.0,0.0,1.0,0.0,0.0,0.0,0.0,0.0,
I Sodhi,,31.0,207.0,6.67741935483871,2.0,31.0,1.0,0.032258064516129,0.0,0.0,2.0,9.0
IC Pandey,,77.0,609.0,7.9090909090909,6.0,77.0,5.0,0.0649350649350649,2.0,0.0259740259740259,44.0,
J Behrendorff,,19.0,174.0,9.1578947368421,1.0,19.0,3.0,0.157894736842105,0.0,0.0,13.0,5.0
J Dala,,3.0,35.0,11.6666666666666,0.0,3.0,1.0,0.333333333333333,0.0,0.0,1.0,0.0
J Searles,,7.0,92.0,13.1428571428571,1.0,7.0,3.0,0.428571428571428,0.0,0.0,1.0,2.0
J Suchith,,45.0,397.0,8.82222222222222,1.0,45.0,9.0,0.2,0.0,0.0,8.0,2.0
J Syed Mohammad,,32.0,286.0,8.9375,3.0,32.0,4.0,0.125,0.0,0.0,3.0,
J Yadav,,37.0,248.0,6.7027027027027,1.0,37.0,2.0,0.054054054054054,2.0,0.054054054054054,17.0,1.0
JDS Neesham,,9.0,96.0,10.6666666666666,0.0,9.0,3.0,0.333333333333333,0.0,0.0,1.0,
JE Taylor,,20.0,167.0,8.35,9.0,20.0,4.0,0.2,1.0,0.05,8.0,
JJ van der Wath,,12.0,134.0,11.1666666666666,4.0,12.0,2.0,0.166666666666666,2.0,0.166666666666666,5.0,
JM Kemp,,9.0,58.0,6.44444444444444,1.0,9.0,3.0,0.333333333333333,0.0,0.0,0.0,
JO Holder,,36.0,313.0,8.69444444444444,4.0,36.0,9.0,0.25,3.0,0.0833333333333333,16.0,
JR Hopes,,60.0,562.0,9.36666666666666,18.0,60.0,9.0,0.15,0.0,0.0,3.0,
JW Hastings,,10.0,66.0,6.6,2.0,10.0,2.0,0.2,1.0,0.1,6.0,
Jaskaran Singh,,18.0,174.0,9.66666666666666,6.0,18.0,5.0,0.277777777777777,4.0,0.222222222222222,7.0,
Joginder Sharma,,43.0,421.0,9.7906976744186,9.0,43.0,10.0,0.232558139534883,7.0,0.162790697674418,4.0,
K Goel,,11.0,94.0,8.54545454545454,0.0,11.0,1.0,0.0909090909090909,0.0,0.0,0.0,
K Gowtham,,60.0,512.0,8.53333333333333,1.0,60.0,5.0,0.0833333333333333,0.0,0.0,34.0,12.0
K Khejroliya,,16.0,166.0,10.375,3.0,16.0,6.0,0.375,0.0,0.0,3.0,3.0
K Santokie,,8.0,91.0,11.375,4.0,8.0,3.0,0.375,0.0,0.0,3.0,
K Upadhyay,,9.0,81.0,9.0,0.0,9.0,2.0,0.222222222222222,0.0,0.0,6.0,
KAJ Roach,,8.0,80.0,10.0,3.0,8.0,3.0,0.375,1.0,0.125,3.0,
KC Cariappa,,36.0,350.0,9.72222222222222,3.0,36.0,6.0,0.166666666666666,2.0,0.0555555555555555,6.0,0.0
KJ Abbott,,16.0,182.0,11.375,4.0,16.0,6.0,0.375,1.0,0.0625,7.0,
KM Asif,,6.0,77.0,12.8333333333333,1.0,6.0,2.0,0.333333333333333,0.0,0.0,4.0,3.0
KP Appanna,,36.0,291.0,8.08333333333333,2.0,36.0,8.0,0.222222222222222,0.0,0.0,3.0,
KW Richardson,,53.0,450.0,8.49056603773585,18.0,53.0,13.0,0.245283018867924,0.0,0.0,27.0,
Kamran Khan,,28.0,248.0,8.85714285714285,6.0,28.0,10.0,0.357142857142857,1.0,0.0357142857142857,14.0,
Karanveer Singh,,34.0,323.0,9.5,4.0,34.0,9.0,0.264705882352941,0.0,0.0,2.0,
L Ablish,,7.0,76.0,10.8571428571428,3.0,7.0,3.0,0.428571428571428,0.0,0.0,2.0,
L Ferguson,,17.0,192.0,11.2941176470588,7.0,17.0,5.0,0.294117647058823,0.0,0.0,7.0,2.0
L Livingstone,,1.0,13.0,13.0,0.0,1.0,0.0,0.0,0.0,0.0,0.0,0.0
L Plunkett,,25.0,235.0,9.4,8.0,25.0,4.0,0.16,0.0,0.0,7.0,4.0
LA Carseldine,,1.0,6.0,6.0,0.0,1.0,1.0,1.0,0.0,0.0,1.0,
LPC Silva,,1.0,21.0,21.0,1.0,1.0,0.0,0.0,0.0,0.0,0.0,
M Ali,,39.0,272.0,6.97435897435897,4.0,39.0,3.0,0.0769230769230769,0.0,0.0,5.0,13.0
M Ashwin,,70.0,570.0,8.14285714285714,13.0,70.0,17.0,0.242857142857142,1.0,0.0142857142857142,3.0,8.0
M Lomror,,3.0,27.0,9.0,0.0,3.0,0.0,0.0,0.0,0.0,0.0,0.0
M Manhas,,7.0,42.0,6.0,1.0,7.0,0.0,0.0,0.0,0.0,0.0,
M Markande,,50.0,448.0,8.96,7.0,50.0,5.0,0.1,0.0,0.0,0.0,16.0
M Santner,,14.0,105.0,7.5,2.0,14.0,10.0,0.714285714285714,1.0,0.0714285714285714,4.0,4.0
M Wood,,4.0,52.0,13.0,2.0,4.0,1.0,0.25,0.0,0.0,0.0,0.0
M de Lange,,18.0,171.0,9.5,5.0,18.0,10.0,0.555555555555555,2.0,0.111111111111111,10.0,
MA Khote,,5.0,52.0,10.4,2.0,5.0,0.0,0.0,0.0,0.0,0.0,
MB Parmar,,3.0,33.0,11.0,0.0,3.0,1.0,0.333333333333333,0.0,0.0,1.0,
MG Neser,,4.0,62.0,15.5,2.0,4.0,0.0,0.0,1.0,0.25,1.0,
MJ Clarke,,11.0,72.0,6.54545454545454,1.0,11.0,0.0,0.0,0.0,0.0,0.0,
MJ Henry,,5.0,71.0,14.2,2.0,5.0,1.0,0.2,0.0,0.0,3.0,
Mashrafe Mortaza,,4.0,59.0,14.75,2.0,4.0,2.0,0.5,2.0,0.5,2.0,
Mohammad Asif,,32.0,307.0,9.59375,10.0,32.0,6.0,0.1875,1.0,0.03125,15.0,
Mohammad Hafeez,,10.0,71.0,7.1,0.0,10.0,6.0,0.6,1.0,0.1,0.0,
Mohammad Nabi,,46.0,314.0,6.82608695652173,3.0,46.0,0.0,0.0,0.0,0.0,22.0,9.0
N Saini,,48.0,434.0,9.04166666666666,15.0,48.0,6.0,0.125,5.0,0.104166666666666,23.0,12.0
NB Singh,,4.0,18.0,4.5,0.0,4.0,1.0,0.25,0.0,0.0,4.0,
ND Doshi,,10.0,79.0,7.9,2.0,10.0,1.0,0.1,0.0,0.0,3.0,
NJ Rimmington,,3.0,20.0,6.66666666666666,0.0,3.0,0.0,0.0,0.0,0.0,2.0,
NL McCullum,,5.0,35.0,7.0,0.0,5.0,0.0,0.0,0.0,0.0,2.0,
NLTC Perera,,119.0,1031.0,8.66386554621848,41.0,119.0,15.0,0.126050420168067,3.0,0.0252100840336134,30.0,
O Thomas,,10.0,94.0,9.4,2.0,10.0,1.0,0.1,2.0,0.2,6.0,5.0
P Amarnath,,22.0,241.0,10.9545454545454,3.0,22.0,0.0,0.0,0.0,0.0,1.0,
P Awana,,125.0,1046.0,8.368,29.0,125.0,23.0,0.184,6.0,0.048,45.0,
P Krishna,,69.0,685.0,9.92753623188406,27.0,69.0,18.0,0.260869565217391,4.0,0.0579710144927536,31.0,16.0
P Prasanth,,1.0,18.0,18.0,0.0,1.0,0.0,0.0,0.0,0.0,0.0,
P R Barman,,4.0,56.0,14.0,1.0,4.0,0.0,0.0,0.0,0.0,0.0,0.0
P Raj,,5.0,60.0,12.0,0.0,5.0,3.0,0.6,0.0,0.0,2.0,1.0
P Sahu,,18.0,152.0,8.44444444444444,3.0,18.0,2.0,0.111111111111111,0.0,0.0,1.0,
P Suyal,,16.0,154.0,9.625,4.0,16.0,7.0,0.4375,4.0,0.25,10.0,
PJ Cummins,,61.0,525.0,8.60655737704918,20.0,61.0,21.0,0.344262295081967,1.0,0.0163934426229508,21.0,
PJ Sangwan,,134.0,1202.0,8.97014925373134,23.0,134.0,50.0,0.373134328358209,6.0,0.044776119402985,55.0,0.0
PM Sarvesh Kumar,,5.0,42.0,8.4,0.0,5.0,1.0,0.2,0.0,0.0,1.0,
Pankaj Singh,,50.0,472.0,9.44,8.0,50.0,14.0,0.28,1.0,0.02,25.0,
Parvez Rasool,,33.0,273.0,8.27272727272727,0.0,33.0,3.0,0.0909090909090909,0.0,0.0,11.0,
R Dhawan,,82.0,655.0,7.98780487804878,15.0,82.0,31.0,0.378048780487804,3.0,0.0365853658536585,13.0,
R Ninan,,6.0,65.0,10.8333333333333,1.0,6.0,0.0,0.0,0.0,0.0,0.0,
R Parag,,14.0,121.0,8.64285714285714,0.0,14.0,0.0,0.0,0.0,0.0,1.0,2.0
R Rampaul,,44.0,319.0,7.25,9.0,44.0,8.0,0.181818181818181,2.0,0.0454545454545454,26.0,
R Salam,,4.0,45.0,11.25,1.0,4.0,1.0,0.25,2.0,0.5,2.0,0.0
R Sathish,,24.0,233.0,9.70833333333333,5.0,24.0,5.0,0.208333333333333,0.0,0.0,0.0,
R Shukla,,20.0,217.0,10.85,5.0,20.0,7.0,0.35,3.0,0.15,9.0,
R Tewatia,,50.0,361.0,7.22,4.0,50.0,5.0,0.1,0.0,0.0,2.0,8.0
RA Shaikh,,1.0,11.0,11.0,0.0,1.0,0.0,0.0,0.0,0.0,1.0,
RD Chahar,,54.0,376.0,6.96296296296296,2.0,54.0,9.0,0.166666666666666,0.0,0.0,7.0,13.0
RE van der Merwe,,74.0,515.0,6.95945945945946,16.0,74.0,12.0,0.162162162162162,0.0,0.0,6.0,
RG More,,6.0,63.0,10.5,3.0,6.0,2.0,0.333333333333333,0.0,0.0,1.0,
RJ Peterson,,8.0,70.0,8.75,3.0,8.0,0.0,0.0,0.0,0.0,2.0,
RN ten Doeschate,,13.0,94.0,7.23076923076923,1.0,13.0,6.0,0.461538461538461,0.0,0.0,0.0,
RR Bhatkal,,2.0,35.0,17.5,0.0,2.0,0.0,0.0,0.0,0.0,1.0,
RR Bose,,2.0,24.0,12.0,0.0,2.0,0.0,0.0,0.0,0.0,2.0,
RR Powar,,71.0,538.0,7.57746478873239,4.0,71.0,25.0,0.352112676056337,1.0,0.0140845070422535,22.0,
RR Raje,,24.0,214.0,8.91666666666666,7.0,24.0,8.0,0.333333333333333,1.0,0.0416666666666666,1.0,
RS Gavaskar,,1.0,8.0,8.0,1.0,1.0,0.0,0.0,0.0,0.0,0.0,
RV Gomez,,16.0,130.0,8.125,2.0,16.0,1.0,0.0625,0.0,0.0,0.0,
RW Price,,3.0,33.0,11.0,0.0,3.0,0.0,0.0,0.0,0.0,1.0,
S Badree,,43.0,329.0,7.65116279069767,1.0,43.0,10.0,0.232558139534883,0.0,0.0,26.0,
S Dube,,2.0,9.0,4.5,1.0,2.0,1.0,0.5,0.0,0.0,0.0,0.0
S Kaul,,164.0,1437.0,8.76219512195121,55.0,164.0,26.0,0.158536585365853,4.0,0.024390243902439,47.0,30.0
S Kaushik,,34.0,304.0,8.94117647058823,4.0,34.0,5.0,0.147058823529411,1.0,0.0294117647058823,3.0,
S Kuggeleijn,,8.0,73.0,9.125,4.0,8.0,2.0,0.25,0.0,0.0,1.0,2.0
S Ladda,,23.0,225.0,9.78260869565217,6.0,23.0,2.0,0.0869565217391304,1.0,0.0434782608695652,3.0,
S Lamichhane,,35.0,303.0,8.65714285714285,5.0,35.0,1.0,0.0285714285714285,0.0,0.0,12.0,14.0
S Mavi,,28.0,288.0,10.2857142857142,7.0,28.0,11.0,0.392857142857142,1.0,0.0357142857142857,13.0,7.0
S Midhun,,2.0,32.0,16.0,0.0,2.0,1.0,0.5,0.0,0.0,0.0,0.0
S Narwal,,18.0,203.0,11.2777777777777,3.0,18.0,7.0,0.388888888888888,0.0,0.0,11.0,
S Rana,,3.0,18.0,6.0,1.0,3.0,0.0,0.0,0.0,0.0,0.0,
S Randiv,,29.0,223.0,7.68965517241379,3.0,29.0,6.0,0.206896551724137,0.0,0.0,2.0,
S Rutherford,,7.0,66.0,9.42857142857142,1.0,7.0,5.0,0.714285714285714,0.0,0.0,0.0,1.0
S Sharma,,43.0,367.0,8.53488372093023,13.0,43.0,9.0,0.209302325581395,0.0,0.0,13.0,13.0
S Sriram,,3.0,49.0,16.3333333333333,0.0,3.0,0.0,0.0,0.0,0.0,0.0,
S Tyagi,,35.0,304.0,8.68571428571428,2.0,35.0,8.0,0.228571428571428,3.0,0.0857142857142857,28.0,
S Vidyut,,2.0,22.0,11.0,0.0,2.0,1.0,0.5,0.0,0.0,0.0,
S Warrier,,12.0,88.0,7.33333333333333,0.0,12.0,0.0,0.0,1.0,0.0833333333333333,9.0,2.0
SA Abbott,,5.0,57.0,11.4,0.0,5.0,2.0,0.4,0.0,0.0,3.0,
SB Bangar,,25.0,221.0,8.84,4.0,25.0,7.0,0.28,0.0,0.0,3.0,
SB Joshi,,10.0,82.0,8.2,2.0,10.0,0.0,0.0,0.0,0.0,0.0,
SB Styris,,36.0,278.0,7.72222222222222,11.0,36.0,6.0,0.166666666666666,0.0,0.0,7.0,
SD Chitnis,,6.0,62.0,10.3333333333333,1.0,6.0,6.0,1.0,0.0,0.0,1.0,
SE Bond,,31.0,225.0,7.25806451612903,9.0,31.0,6.0,0.193548387096774,0.0,0.0,15.0,
SJ Srivastava,,47.0,444.0,9.4468085106383,9.0,47.0,31.0,0.659574468085106,1.0,0.0212765957446808,22.0,
SM Boland,,7.0,56.0,8.0,3.0,7.0,1.0,0.142857142857142,0.0,0.0,3.0,
SM Harwood,,10.0,74.0,7.4,4.0,10.0,12.0,1.2,0.0,0.0,3.0,
SMSM Senanayake,,32.0,211.0,6.59375,4.0,32.0,3.0,0.09375,0.0,0.0,21.0,
SN Khan,,1.0,6.0,6.0,1.0,1.0,0.0,0.0,0.0,0.0,0.0,0.0
SN Thakur,,119.0,1107.0,9.30252100840336,38.0,119.0,41.0,0.34453781512605,0.0,0.0,48.0,26.0
SS Agarwal,,4.0,42.0,10.5,0.0,4.0,0.0,0.0,0.0,0.0,1.0,
SS Mundhe,,1.0,6.0,6.0,0.0,1.0,1.0,1.0,0.0,0.0,1.0,
SS Sarkar,,5.0,34.0,6.8,3.0,5.0,0.0,0.0,0.0,0.0,1.0,
STR Binny,,99.0,767.0,7.74747474747474,10.0,99.0,16.0,0.161616161616161,1.0,0.0101010101010101,26.0,1.0
SW Tait,,81.0,668.0,8.24691358024691,27.0,81.0,69.0,0.851851851851851,14.0,0.172839506172839,38.0,
Sachin Baby,,2.0,8.0,4.0,1.0,2.0,0.0,0.0,0.0,0.0,0.0,
Shahid Afridi,,30.0,237.0,7.9,6.0,30.0,4.0,0.133333333333333,1.0,0.0333333333333333,4.0,
Shivam Sharma,,19.0,165.0,8.68421052631579,4.0,19.0,0.0,0.0,0.0,0.0,0.0,
Shoaib Ahmed,,17.0,154.0,9.05882352941176,3.0,17.0,1.0,0.0588235294117647,0.0,0.0,3.0,
Shoaib Malik,,9.0,87.0,9.66666666666666,3.0,9.0,7.0,0.777777777777777,1.0,0.111111111111111,0.0,
Sunny Gupta,,3.0,47.0,15.6666666666666,0.0,3.0,2.0,0.666666666666666,0.0,0.0,1.0,
Swapnil Singh,,10.0,90.0,9.0,0.0,10.0,1.0,0.1,0.0,0.0,0.0,
T Curran,,11.0,121.0,11.0,4.0,11.0,1.0,0.0909090909090909,2.0,0.181818181818181,2.0,6.0
T Henderson,,6.0,41.0,6.83333333333333,3.0,6.0,0.0,0.0,0.0,0.0,0.0,
T Natarajan,,13.0,116.0,8.92307692307692,2.0,13.0,6.0,0.461538461538461,0.0,0.0,4.0,
T Shamsi,,16.0,151.0,9.4375,3.0,16.0,0.0,0.0,0.0,0.0,0.0,
T Thushara,,23.0,164.0,7.13043478260869,8.0,23.0,7.0,0.304347826086956,2.0,0.0869565217391304,10.0,
TM Head,,9.0,81.0,9.0,3.0,9.0,0.0,0.0,0.0,0.0,0.0,
TP Sudhindra,,12.0,137.0,11.4166666666666,4.0,12.0,3.0,0.25,1.0,0.0833333333333333,4.0,
TS Mills,,18.0,157.0,8.72222222222222,7.0,18.0,9.0,0.5,0.0,0.0,7.0,
Tejas Baroka,,4.0,33.0,8.25,1.0,4.0,0.0,0.0,0.0,0.0,1.0,
V Chakravarthy,,3.0,35.0,11.6666666666666,0.0,3.0,0.0,0.0,0.0,0.0,1.0,1.0
V Pratap Singh,,34.0,300.0,8.8235294117647,7.0,34.0,7.0,0.205882352941176,0.0,0.0,16.0,
V Shankar,,14.0,154.0,11.0,3.0,14.0,6.0,0.428571428571428,1.0,0.0714285714285714,0.0,2.0
VRV Singh,,60.0,549.0,9.15,18.0,60.0,7.0,0.116666666666666,4.0,0.0666666666666666,13.0,
VS Malik,,35.0,268.0,7.65714285714285,2.0,35.0,5.0,0.142857142857142,2.0,0.0571428571428571,21.0,
VS Yeligati,,5.0,61.0,12.2,1.0,5.0,6.0,1.2,0.0,0.0,1.0,
VY Mahesh,,58.0,511.0,8.8103448275862,12.0,58.0,14.0,0.241379310344827,7.0,0.120689655172413,13.0,
WA Mota,,12.0,98.0,8.16666666666666,4.0,12.0,2.0,0.166666666666666,1.0,0.0833333333333333,0.0,
WD Parnell,,97.0,731.0,7.5360824742268,36.0,97.0,45.0,0.463917525773195,5.0,0.0515463917525773,45.0,
Y Gnaneswara Rao,,1.0,7.0,7.0,0.0,1.0,0.0,0.0,0.0,0.0,0.0,
Y Nagar,,11.0,125.0,11.3636363636363,0.0,11.0,4.0,0.363636363636363,4.0,0.363636363636363,1.0,
Y Venugopal Rao,,36.0,338.0,9.38888888888889,4.0,36.0,8.0,0.222222222222222,0.0,0.0,7.0,
YA Abdulla,,35.0,311.0,8.88571428571428,10.0,35.0,12.0,0.342857142857142,1.0,0.0285714285714285,14.0,
